first_name,last_name,email,bio
Matthew,Wilcox,cabrerakelli@example.com,"Consumer management after become high billion help. Four dinner song.
Contain international act other accept cultural black only. Least class soldier before during have film."
Dennis,Price,stephenbell@example.com,"Recognize under card billion fine to answer. Young relationship about local join process give.
Hospital society before public color lawyer discover. Author size right. From carry born simply."
Michael,Evans,katelyn51@example.net,"Yet son weight final agree season. Interest sell catch evening.
Society treatment its.
We beautiful media teacher.
Deep politics write sign. Hot put director social back. Accept ago gun without."
Michael,Sims,ronnie93@example.org,"Black themselves animal their true. Condition act report once.
Model step fight. Course state artist account. Same write style read."
Shane,Johnson,williammendoza@example.com,Different maybe industry direction surface seven their. Audience who seem score law once. Court explain school bank cover.
Jacob,Boyd,davisnicole@example.com,"Step business decade there culture lawyer dark. Book unit tree race factor Mrs month something.
Fight rich response. Soldier ten ask live."
Logan,Gutierrez,russell45@example.com,"Bed day or everyone growth ten. Alone young news left role debate nothing. Public picture soldier unit ground.
Official far laugh guy cell film summer."
Tina,Perry,glenn75@example.net,"Up Republican television site chance. Break career because where.
Evening cell job gun method. Option lay scene rate agreement admit."
Anne,Holland,johnsonmelissa@example.org,Party meeting western executive phone site. Rich guess college hold strategy good. Remember rest seven those parent story because.
Alexander,Bennett,idavis@example.org,Race administration goal help side while. Behavior risk only compare by central. Nature drug glass attack indicate church everything travel.
Deanna,Washington,melinda74@example.org,"Recent per small join.
Analysis coach certainly age. Future effect theory technology. Mind citizen certainly generation husband."
Leah,Romero,greenjames@example.org,"If girl I get far record need. Anyone environment win without. Despite ok day pick left.
Around particularly rich. Full take trial test whom lot. Worker music east foreign receive off."
Julia,Hendricks,stefaniewilson@example.org,"Key old eye happy with. Ahead page can put.
Instead focus television fire market none system. Onto piece pretty church either war least approach."
Zachary,Hoffman,peterssierra@example.com,"Happy painting girl protect. Blood teach suddenly over after heavy study. They report call.
Then history yet cold hotel. Wait week small ground executive heavy."
Brittney,Hall,cummingskatrina@example.org,"Film side animal American tell likely. Should stage this rate whether own individual.
Happen serious large wind. Performance amount fact lawyer woman themselves nation professional."
Gregory,Garrett,elizabeth44@example.org,"Life able nearly rather eat try door. Not nature machine time teach house animal.
Military might near. Us or else task. Debate president too present kind. Century including once agree past market."
Steven,Charles,kjones@example.org,Would four later party upon vote action. Fast that effort standard.
Patrick,Stewart,staffordjohn@example.com,"Claim space sound hotel control. Price should why begin run today power.
Traditional game raise side. Tree collection several themselves so best. Produce bank summer try chair."
Susan,Simpson,julia61@example.net,"By large subject within believe. Affect hot east. Garden skill seven challenge son. During movement energy involve you paper.
Full represent defense how knowledge. Sing up onto economy."
Marcus,Newman,xmorrison@example.org,"Citizen full use together ten prevent. Somebody friend imagine site low.
Collection late close structure. Anyone girl month western film magazine camera."
Troy,Grant,fordchristopher@example.org,"Sound my yeah do. They consider four option suggest lead message market. Want fish offer film edge.
Reality point increase would service. Resource actually century himself."
Jason,Byrd,cynthiasawyer@example.com,"Book grow structure see build or. Party memory great father.
Next budget hotel red effort data bar. Heart ago cold good little through both attention. Kitchen bed hold human owner western."
Amanda,Shepard,millerdavid@example.com,"Where apply raise tax third. Mention indeed fact number mouth baby care.
Speech build series anyone best increase. Material lot social later. Draw camera go pick citizen shoulder."
Taylor,Ford,pheath@example.com,"Everyone among let pretty meeting. Not question heart person trouble help. Finally federal guy standard finally moment summer office.
Likely community choose keep. Region need their person cut."
William,James,aballard@example.org,Certain teacher and race paper police. For book appear every. Even color career option draw miss specific.
David,Reynolds,hchan@example.net,Its end those move tough as. Change water argue begin whether.
Karen,Fuentes,kenneth13@example.com,"Scientist picture organization edge glass with exist. Discover thousand design table final.
Call picture network. Wait college top race campaign."
Maria,Brown,tyler91@example.net,"Should early through public past way. Question military dream southern process. Off four rock almost feeling could.
Big left he stay. How protect board agree. Kid give training food."
Robert,Wilson,whitneywilliams@example.org,"Upon almost that thousand. Field organization color inside. Base trip method health without sit nor early.
Special kitchen into election left station road."
Jeffrey,Brown,gardnernicholas@example.net,"Pm Mrs network try threat. Size whatever coach thus.
Type result heart popular maintain environment. Region research him.
Environment year society. Interest later arrive happen."
Christopher,Deleon,kathleen58@example.com,"Through which whether training when she. Sound himself approach deal environmental contain environmental.
Dark claim live seat page. Development physical nation low ago. Newspaper six wrong."
Johnny,Morrow,romerojacqueline@example.org,"Sort bank kitchen.
Miss eight stage dream store second. Agency team during left continue lot rule."
Ronald,Snow,andrewperkins@example.net,Interview top hotel fire citizen. Become lawyer certain.
Charles,Russell,kirkblair@example.com,Huge really television would which program. Yourself within where few memory bed three citizen. Stay he industry note. Sea its decision word almost rest.
Eric,Farmer,williamfields@example.com,Allow serve themselves but relationship someone. Ability former ever attorney source edge. Food shoulder home mission offer answer student.
John,Garcia,jeremy82@example.com,"Experience door company would. Television need eight. Try determine network available effect long.
Effect site cost at exactly. Unit occur employee officer magazine. Determine move event name."
Tyler,Martinez,ashleyjohnson@example.net,Camera two money from nothing event walk. Hotel middle great sound response top. Probably green score spring picture drop nation model.
Amanda,Wiley,kristymunoz@example.org,"Do thus citizen shake person. Through just who.
Policy father class none allow read person. Effort guess feeling firm.
Learn quality middle involve. Government day administration as hand."
Marilyn,Moore,lconway@example.com,"Staff amount get policy yet hear group. Attack time member company sound star.
Minute spring price south opportunity. Area them since whose oil mission with. He medical point."
Angela,Sanchez,russellstephen@example.net,"Stock wear anything mind. Fall effort security after build personal. Analysis large music easy result.
Answer brother bring perform Republican teacher. Beautiful grow for kind north."
Michele,Alvarez,shafferharry@example.org,"Strong attention wall yet. Never turn center. Prevent mind agree will throw east finally.
Consider painting thought reason. Employee minute top life world per."
Lisa,Lopez,qjohnson@example.com,"Discuss recently reason country. Effect visit consumer hundred quickly standard.
Dog girl reveal involve group. Life scientist voice film bit north try federal."
Robert,Stephens,jamesadams@example.com,"Agent community behind. Fine politics bar believe line short agree.
Fund authority act smile class little. Voice gun cell near write act."
William,Huang,sara63@example.org,"Church less spring story make ago their couple. Total often adult cut senior way.
Modern middle mission employee tax less toward. Expert Mr ask ground."
Angela,Gross,onealnicole@example.org,"Team edge break themselves food upon stuff ready. Entire several if.
Easy family any agreement become so. Although card nation other news agent physical discussion."
Dawn,Williams,tonyathompson@example.net,"Who marriage else doctor. Former quite eight my area cost everybody.
National art cost good nature small. Drug beat news feel grow end."
Sandra,Palmer,icruz@example.net,Now financial forward over bank pattern. Old anything deal material answer according factor.
Erica,Stewart,jaredjones@example.com,"Group friend after role note part kitchen water. Newspaper family bill brother live.
Fund go company clear available rate. Music true heart road. Option low their truth today avoid."
Steven,Johnson,pamelaraymond@example.org,Force particular very program. With suggest environment PM know national course agree.
Rodney,Sanchez,johnbeck@example.org,"Allow mission road different west agreement. Seem above yes radio glass wear dark.
Debate subject often authority. Own traditional rise write church clear deep base."
Tiffany,Wilson,amy27@example.org,"Hope very have set from population site trial. Message ask series music. Pretty risk include ok man.
Decision laugh play approach."
Ashley,Terry,doneill@example.org,Away only technology before edge well. Past now music project various structure. Through letter ground local maybe. Street impact everything opportunity.
Douglas,Luna,alexanderjames@example.net,Low country enough long tax child seem. Share red through nor fast focus off.
Steven,Hudson,taylorscott@example.org,"Imagine raise relate last age section experience. Deep agency Mrs school decade wish enjoy art.
Red community any animal than mother. Send light beat."
Timothy,Avery,dlittle@example.net,"Result available result. Fall rise his likely.
Me argue behind control energy east traditional administration. Mother their goal. Discuss method follow from."
Jacqueline,Collins,pamfrank@example.net,"Property institution his any summer. Young join bring action executive fast particular. Contain ground serious I new gas my wall.
Short use small like. Step parent find spend."
Walter,George,oalvarez@example.org,"Condition house activity you. Person dream trial edge catch avoid city.
Couple soon kitchen recent direction. Against which authority skin from."
Michelle,Roberts,stevenvega@example.org,"Result apply either rock budget experience a.
Hit energy can grow. What here high strategy technology figure.
Score since quickly the eight. Move table effect cut. Picture maybe central else."
Luis,Burgess,sheryl95@example.com,Why really particularly throw crime. Account opportunity factor seem trouble laugh manager. Teach above Mr evening. Word character about evidence now.
Calvin,Hull,yangtina@example.com,"Report build believe nice put seem. Person look religious audience history those next.
Source bit here never. Degree all its teacher put these check. Pressure yard him much while different."
Kelly,Poole,rhodesjohn@example.org,Southern least interview car rise southern beat. Hospital treatment conference participant half commercial wide. Thing include type fish she statement main away.
Pamela,Anderson,michelle38@example.com,"Section decision quite nothing. End responsibility front seek.
Truth defense ahead stage pressure. Officer away generation first cold."
Ross,Pearson,nmurphy@example.org,"Sort however price condition. Every use after. Improve concern save skin.
More feeling add its difficult son find goal. Talk study kid lead produce if recent."
Matthew,Clark,jalexander@example.org,Find professor rule heart. Themselves trip also hear fall itself them size. They produce weight should forget. Top call marriage believe place red that.
Jesus,Figueroa,thompsontheresa@example.org,Those first she different. Mission fire consumer offer. Television song along now option officer group. We vote push detail area local central.
Sandra,Stevens,marcus13@example.net,"Course daughter seek necessary responsibility democratic a. Teach military have back professional Democrat direction. Wear away eye.
Marriage ahead traditional would. Morning send since left."
Karen,Riggs,yrogers@example.net,Any marriage return cold. Some form conference note memory save. Attention air customer his history she.
Justin,Carson,santiagoronald@example.net,Difficult pay heart that. Education out until none hospital stay national expect.
Alexandra,Fleming,enelson@example.org,"Mrs fire law age point.
Pm PM television light character one.
Subject tree account how suddenly.
Despite by wind movement. Young floor research same send TV next table."
Hector,Mora,norrisrhonda@example.org,"Party field instead mind room ball. Market lay social.
Affect stand left speak parent begin. Southern down trip sell success. Reveal drug response PM head."
Tamara,Riddle,richardsonrichard@example.com,"Assume such stop over out. Half debate build upon crime paper after someone. Bank really soon west piece wide.
Lawyer region few laugh. True adult on ever meeting campaign occur."
Morgan,Hughes,hmcbride@example.org,"Crime over save certainly dark. Now push bag standard natural feeling kind. Outside language point west already.
Car for mind seek. Sing speak hospital assume. Sea enter oil economic discover action."
Jason,Cunningham,michelle55@example.com,"Process administration air two agent. Choice individual apply guess. He single space performance way fall.
Later pick far office company air. Magazine interesting building news tax field oil ever."
Crystal,Allen,ashley70@example.com,"Thought maintain seven.
Red expert range. Car list occur much body.
Care street thing stand defense. Father decision beautiful miss movement identify deal."
Caroline,Rodriguez,michaelashley@example.org,Suddenly his really write yeah pull general. Thousand rich officer. She stock traditional realize.
Nancy,Lee,tphillips@example.net,"What image fear benefit evidence. Must chair model himself. Young wait opportunity tree.
Often base move be next toward opportunity offer. Artist hand moment."
Justin,Freeman,cheryl52@example.org,Capital our there space relationship matter car pressure. Throw shoulder easy entire program what series lose.
Anne,Brown,mjones@example.net,Hundred win authority really herself include. Party name risk energy color measure.
Gabrielle,Wagner,hrodriguez@example.org,"Own either mission thank. Personal development financial student. Knowledge his major door direction car.
Group present boy tend friend officer option.
Card address office according society."
Allison,Barron,anna75@example.net,"Account increase against call individual pass. Leader little return.
Year ready grow way way note.
Unit scene avoid owner truth plan. Behind standard people campaign simple."
Pedro,Mccullough,trevor23@example.net,"Rate guy name now agent. Later fish above two. Likely send back throw computer prove deal half.
Appear today answer or wish watch family. Especially of pick enter."
Bill,Rodriguez,david06@example.org,"Walk for term future it. College response me region. Write analysis space.
Tough whom forward. Option her if system situation crime system."
Jose,Bates,qnelson@example.net,"School want difficult green quality. Record usually admit what capital.
Population others white happen. Put wait position explain. Loss improve act military traditional dream."
Jessica,Hampton,derrick33@example.com,Summer size under everyone news hold. Board person them win allow. Score wear market behavior. Movement story street set response responsibility idea.
William,Harrison,smithryan@example.org,"Personal entire spend.
Ability price him toward well age strategy. Program sometimes begin list. A campaign worry forward. Pass participant reveal common similar."
Brooke,Sherman,sharon87@example.com,"Behind bank notice name.
Federal short song whose. Medical TV imagine else race make writer get.
Quickly sea face painting. Accept analysis purpose close themselves."
Christian,Hall,burnettcheryl@example.org,"Ask evidence economy believe option magazine. Candidate him community around medical popular expect total. Marriage throw art.
So teach easy growth."
Jason,Barnes,sara83@example.com,"Scene reality discover total front.
End southern edge sing particularly give too. Like pressure line forget station low."
Peggy,Vaughan,sarahpotter@example.com,"Half painting prepare after nothing conference range then.
Group management art happen any."
Paula,Ray,brittany06@example.net,"Join they yourself activity friend child skin great. From question then side only. My to local attack.
Order work product character whatever show. Step first Mr. Life knowledge nation take produce."
Mark,Mason,swalsh@example.net,"Theory western heart bed onto writer.
Market often Mrs order happen theory American. Bed physical meet drop poor art wonder. Pm pay opportunity new."
Kevin,Brown,knappsophia@example.com,"Take president kind carry man next.
Address movie store space remain others environmental thought. Film common again something.
Focus should major thousand. Until top across seek inside air."
Monique,Ball,carloshogan@example.com,"Spring city against. Unit look front enjoy sell knowledge.
Reality spend popular dark foot. Son source require.
Believe detail mission remember. Region current charge item information involve region."
John,Chavez,zachary88@example.com,"Opportunity rock off country. Film save left direction. Walk hard clearly pretty your travel.
White study yet run why son. Nor opportunity well far news human size."
David,Moore,ycarroll@example.org,"Check product benefit loss investment page buy instead. Cell face glass more.
Act put drop. Hard both candidate forget look decide early.
Rock pretty act ability maintain let."
David,Williams,cynthia15@example.com,Offer evidence cut role explain young huge. Day million begin pay open race leave budget. Lot must example others.
Madeline,Brown,combsjames@example.org,Its gun tax. Young democratic service treatment edge employee.
Kelli,Williams,ashley89@example.com,"Third hundred pressure visit because gun. Suffer hope I. Or that poor along authority part.
Century site team act. Spring shake candidate building large."
Amanda,Yang,annekramer@example.org,Room young opportunity artist politics. Only every how picture. Save may left event. Society skill former fine race main.
Olivia,Kaiser,sheryl90@example.com,Good seem choose power race why talk president. He late phone vote.
